"Date_reported","Country_code","Country","New_cases"
2020-01-03,"IN","India",0
2020-01-04,"IN","India",0
2020-01-05,"IN","India",0
2020-01-06,"IN","India",0
2020-01-07,"IN","India",0
2020-01-08,"IN","India",0
2020-01-09,"IN","India",0
2020-01-10,"IN","India",0
2020-01-11,"IN","India",0
2020-01-12,"IN","India",0
2020-01-13,"IN","India",0
2020-01-14,"IN","India",0
2020-01-15,"IN","India",0
2020-01-16,"IN","India",0
2020-01-17,"IN","India",0
2020-01-18,"IN","India",0
2020-01-19,"IN","India",0
2020-01-20,"IN","India",0
2020-01-21,"IN","India",0
2020-01-22,"IN","India",0
2020-01-23,"IN","India",0
2020-01-24,"IN","India",0
2020-01-25,"IN","India",0
2020-01-26,"IN","India",0
2020-01-27,"IN","India",0
2020-01-28,"IN","India",0
2020-01-29,"IN","India",0
2020-01-30,"IN","India",1
2020-01-31,"IN","India",4
2020-02-01,"IN","India",0
2020-02-02,"IN","India",-3
2020-02-03,"IN","India",1
2020-02-04,"IN","India",4
2020-02-05,"IN","India",0
2020-02-06,"IN","India",0
2020-02-07,"IN","India",0
2020-02-08,"IN","India",0
2020-02-09,"IN","India",0
2020-02-10,"IN","India",0
2020-02-11,"IN","India",0
2020-02-12,"IN","India",0
2020-02-13,"IN","India",0
2020-02-14,"IN","India",0
2020-02-15,"IN","India",0
2020-02-16,"IN","India",0
2020-02-17,"IN","India",0
2020-02-18,"IN","India",0
2020-02-19,"IN","India",0
2020-02-20,"IN","India",0
2020-02-21,"IN","India",0
2020-02-22,"IN","India",0
2020-02-23,"IN","India",0
2020-02-24,"IN","India",0
2020-02-25,"IN","India",0
2020-02-26,"IN","India",0
2020-02-27,"IN","India",0
2020-02-28,"IN","India",0
2020-02-29,"IN","India",0
2020-03-01,"IN","India",0
2020-03-02,"IN","India",-2
2020-03-03,"IN","India",4
2020-03-04,"IN","India",19
2020-03-05,"IN","India",1
2020-03-06,"IN","India",2
2020-03-07,"IN","India",3
2020-03-08,"IN","India",5
2020-03-09,"IN","India",5
2020-03-10,"IN","India",6
2020-03-11,"IN","India",10
2020-03-12,"IN","India",13
2020-03-13,"IN","India",8
2020-03-14,"IN","India",3
2020-03-15,"IN","India",23
2020-03-16,"IN","India",7
2020-03-17,"IN","India",23
2020-03-18,"IN","India",14
2020-03-19,"IN","India",22
2020-03-20,"IN","India",50
2020-03-21,"IN","India",60
2020-03-22,"IN","India",77
2020-03-23,"IN","India",74
2020-03-24,"IN","India",85
2020-03-25,"IN","India",87
2020-03-26,"IN","India",43
2020-03-27,"IN","India",75
2020-03-28,"IN","India",185
2020-03-29,"IN","India",70
2020-03-30,"IN","India",92
2020-03-31,"IN","India",180
2020-04-01,"IN","India",386
2020-04-02,"IN","India",328
2020-04-03,"IN","India",336
2020-04-04,"IN","India",601
2020-04-05,"IN","India",472
2020-04-06,"IN","India",693
2020-04-07,"IN","India",354
2020-04-08,"IN","India",853
2020-04-09,"IN","India",591
2020-04-10,"IN","India",547
2020-04-11,"IN","India",1035
2020-04-12,"IN","India",909
2020-04-13,"IN","India",796
2020-04-14,"IN","India",1211
2020-04-15,"IN","India",1076
2020-04-16,"IN","India",941
2020-04-17,"IN","India",1007
2020-04-18,"IN","India",991
2020-04-19,"IN","India",1334
2020-04-20,"IN","India",1553
2020-04-21,"IN","India",1336
2020-04-22,"IN","India",1383
2020-04-23,"IN","India",1409
2020-04-24,"IN","India",1684
2020-04-25,"IN","India",1429
2020-04-26,"IN","India",1990
2020-04-27,"IN","India",1396
2020-04-28,"IN","India",1543
2020-04-29,"IN","India",1897
2020-04-30,"IN","India",1718
2020-05-01,"IN","India",1993
2020-05-02,"IN","India",2293
2020-05-03,"IN","India",2644
2020-05-04,"IN","India",2553
2020-05-05,"IN","India",3900
2020-05-06,"IN","India",2958
2020-05-07,"IN","India",3561
2020-05-08,"IN","India",3390
2020-05-09,"IN","India",3320
2020-05-10,"IN","India",3277
2020-05-11,"IN","India",4213
2020-05-12,"IN","India",3604
2020-05-13,"IN","India",3525
2020-05-14,"IN","India",3722
2020-05-15,"IN","India",3967
2020-05-16,"IN","India",3970
2020-05-17,"IN","India",4987
2020-05-18,"IN","India",5242
2020-05-19,"IN","India",4970
2020-05-20,"IN","India",5611
2020-05-21,"IN","India",5609
2020-05-22,"IN","India",6088
2020-05-23,"IN","India",6654
2020-05-24,"IN","India",6767
2020-05-25,"IN","India",6977
2020-05-26,"IN","India",6535
2020-05-27,"IN","India",6387
2020-05-28,"IN","India",6566
2020-05-29,"IN","India",7466
2020-05-30,"IN","India",7964
2020-05-31,"IN","India",8380
2020-06-01,"IN","India",8392
2020-06-02,"IN","India",8171
2020-06-03,"IN","India",8909
2020-06-04,"IN","India",9304
2020-06-05,"IN","India",9851
2020-06-06,"IN","India",9887
2020-06-07,"IN","India",9971
2020-06-08,"IN","India",9983
2020-06-09,"IN","India",9987
2020-06-10,"IN","India",9985
2020-06-11,"IN","India",9996
2020-06-12,"IN","India",10956
2020-06-13,"IN","India",11458
2020-06-14,"IN","India",11929
2020-06-15,"IN","India",11502
2020-06-16,"IN","India",10667
2020-06-17,"IN","India",10974
2020-06-18,"IN","India",12881
2020-06-19,"IN","India",13586
2020-06-20,"IN","India",14516
2020-06-21,"IN","India",15413
2020-06-22,"IN","India",14821
2020-06-23,"IN","India",14933
2020-06-24,"IN","India",15968
2020-06-25,"IN","India",16922
2020-06-26,"IN","India",17296
2020-06-27,"IN","India",18552
2020-06-28,"IN","India",19906
2020-06-29,"IN","India",19459
2020-06-30,"IN","India",18522
2020-07-01,"IN","India",18653
2020-07-02,"IN","India",19148
2020-07-03,"IN","India",20903
2020-07-04,"IN","India",22771
2020-07-05,"IN","India",24850
2020-07-06,"IN","India",24248
2020-07-07,"IN","India",22252
2020-07-08,"IN","India",22752
2020-07-09,"IN","India",24879
2020-07-10,"IN","India",26506
2020-07-11,"IN","India",27114
2020-07-12,"IN","India",28637
2020-07-13,"IN","India",28701
2020-07-14,"IN","India",28498
2020-07-15,"IN","India",29429
2020-07-16,"IN","India",32695
2020-07-17,"IN","India",34956
2020-07-18,"IN","India",34884
2020-07-19,"IN","India",38902
2020-07-20,"IN","India",40425
2020-07-21,"IN","India",37148
2020-07-22,"IN","India",37724
2020-07-23,"IN","India",45720
2020-07-24,"IN","India",49310
2020-07-25,"IN","India",48916
2020-07-26,"IN","India",48661
2020-07-27,"IN","India",49931
2020-07-28,"IN","India",47703
2020-07-29,"IN","India",48513
2020-07-30,"IN","India",52123
2020-07-31,"IN","India",55078
2020-08-01,"IN","India",57118
2020-08-02,"IN","India",54735
2020-08-03,"IN","India",52972
2020-08-04,"IN","India",52050
2020-08-05,"IN","India",52509
2020-08-06,"IN","India",56282
2020-08-07,"IN","India",62538
2020-08-08,"IN","India",61537
2020-08-09,"IN","India",64399
2020-08-10,"IN","India",62064
2020-08-11,"IN","India",53601
2020-08-12,"IN","India",60963
2020-08-13,"IN","India",66999
2020-08-14,"IN","India",64553
2020-08-15,"IN","India",65002
2020-08-16,"IN","India",63490
2020-08-17,"IN","India",57981
2020-08-18,"IN","India",55079
2020-08-19,"IN","India",64531
2020-08-20,"IN","India",69652
2020-08-21,"IN","India",68898
2020-08-22,"IN","India",69878
2020-08-23,"IN","India",69239
2020-08-24,"IN","India",61408
2020-08-25,"IN","India",60975
2020-08-26,"IN","India",67151
2020-08-27,"IN","India",75760
2020-08-28,"IN","India",77266
2020-08-29,"IN","India",76472
2020-08-30,"IN","India",78761
2020-08-31,"IN","India",78512
2020-09-01,"IN","India",69921
2020-09-02,"IN","India",78357
2020-09-03,"IN","India",83883
2020-09-04,"IN","India",83341
2020-09-05,"IN","India",86432
2020-09-06,"IN","India",90632
2020-09-07,"IN","India",90802
2020-09-08,"IN","India",75809
2020-09-09,"IN","India",89706
2020-09-10,"IN","India",95735
2020-09-11,"IN","India",96551
2020-09-12,"IN","India",97570
2020-09-13,"IN","India",94372
2020-09-14,"IN","India",92071
2020-09-15,"IN","India",83809
2020-09-16,"IN","India",90123
2020-09-17,"IN","India",97894
2020-09-18,"IN","India",96424
2020-09-19,"IN","India",93337
2020-09-20,"IN","India",92605
2020-09-21,"IN","India",86961
2020-09-22,"IN","India",75083
2020-09-23,"IN","India",83347
2020-09-24,"IN","India",86508
2020-09-25,"IN","India",86052
2020-09-26,"IN","India",85362
2020-09-27,"IN","India",88600
2020-09-28,"IN","India",82170
2020-09-29,"IN","India",70589
2020-09-30,"IN","India",80472
2020-10-01,"IN","India",86821
2020-10-02,"IN","India",81484
2020-10-03,"IN","India",79476
2020-10-04,"IN","India",75829
2020-10-05,"IN","India",74442
2020-10-06,"IN","India",61267
2020-10-07,"IN","India",72049
2020-10-08,"IN","India",78524
2020-10-09,"IN","India",70496
2020-10-10,"IN","India",73272
2020-10-11,"IN","India",74383
2020-10-12,"IN","India",66732
2020-10-13,"IN","India",55342
2020-10-14,"IN","India",63509
2020-10-15,"IN","India",67708
2020-10-16,"IN","India",63371
2020-10-17,"IN","India",62212
2020-10-18,"IN","India",61871
2020-10-19,"IN","India",55722
2020-10-20,"IN","India",46790
2020-10-21,"IN","India",54044
2020-10-22,"IN","India",55839
2020-10-23,"IN","India",54366
2020-10-24,"IN","India",53370
2020-10-25,"IN","India",50129
2020-10-26,"IN","India",45148
2020-10-27,"IN","India",36470
2020-10-28,"IN","India",43893
2020-10-29,"IN","India",49881
2020-10-30,"IN","India",48648
2020-10-31,"IN","India",48268
2020-11-01,"IN","India",46963
2020-11-02,"IN","India",45231
2020-11-03,"IN","India",38310
2020-11-04,"IN","India",46253
2020-11-05,"IN","India",50210
2020-11-06,"IN","India",47638
2020-11-07,"IN","India",50356
2020-11-08,"IN","India",45674
2020-11-09,"IN","India",45903
2020-11-10,"IN","India",38073
2020-11-11,"IN","India",44281
2020-11-12,"IN","India",47905
2020-11-13,"IN","India",44879
2020-11-14,"IN","India",44684
2020-11-15,"IN","India",41100
2020-11-16,"IN","India",30548
2020-11-17,"IN","India",29163
2020-11-18,"IN","India",38617
2020-11-19,"IN","India",45576
2020-11-20,"IN","India",45882
2020-11-21,"IN","India",46232
2020-11-22,"IN","India",45209
2020-11-23,"IN","India",44059
2020-11-24,"IN","India",37975
2020-11-25,"IN","India",44376
2020-11-26,"IN","India",44489
2020-11-27,"IN","India",43082
2020-11-28,"IN","India",41322
2020-11-29,"IN","India",41810
2020-11-30,"IN","India",38772
2020-12-01,"IN","India",31118
2020-12-02,"IN","India",36604
2020-12-03,"IN","India",35551
2020-12-04,"IN","India",36595
2020-12-05,"IN","India",36652
2020-12-06,"IN","India",36011
2020-12-07,"IN","India",32981
2020-12-08,"IN","India",26567
2020-12-09,"IN","India",32080
2020-12-10,"IN","India",31521
2020-12-11,"IN","India",29398
2020-12-12,"IN","India",30006
2020-12-13,"IN","India",30254
2020-12-14,"IN","India",27071
2020-12-15,"IN","India",22065
2020-12-16,"IN","India",26382
2020-12-17,"IN","India",24010
2020-12-18,"IN","India",22890
2020-12-19,"IN","India",25152
2020-12-20,"IN","India",26624
2020-12-21,"IN","India",24337
2020-12-22,"IN","India",19556
2020-12-23,"IN","India",23950
2020-12-24,"IN","India",24712
2020-12-25,"IN","India",23067
2020-12-26,"IN","India",22273
2020-12-27,"IN","India",18732
2020-12-28,"IN","India",20021
2020-12-29,"IN","India",16432
2020-12-30,"IN","India",20549
2020-12-31,"IN","India",21822
2021-01-01,"IN","India",20035
2021-01-02,"IN","India",19079
2021-01-03,"IN","India",18177
2021-01-04,"IN","India",16504
2021-01-05,"IN","India",16375
2021-01-06,"IN","India",18088
2021-01-07,"IN","India",20346
2021-01-08,"IN","India",18139
2021-01-09,"IN","India",18222
2021-01-10,"IN","India",18645
2021-01-11,"IN","India",16311
2021-01-12,"IN","India",12584
2021-01-13,"IN","India",15968
2021-01-14,"IN","India",16946
2021-01-15,"IN","India",15590
2021-01-16,"IN","India",15158
2021-01-17,"IN","India",15144
2021-01-18,"IN","India",13788
2021-01-19,"IN","India",10064
2021-01-20,"IN","India",13823
2021-01-21,"IN","India",15223
2021-01-22,"IN","India",14545
2021-01-23,"IN","India",14256
2021-01-24,"IN","India",14849
2021-01-25,"IN","India",13203
2021-01-26,"IN","India",9102
2021-01-27,"IN","India",12689
2021-01-28,"IN","India",11666
2021-01-29,"IN","India",18855
2021-01-30,"IN","India",13083
2021-01-31,"IN","India",13052
2021-02-01,"IN","India",11427
2021-02-02,"IN","India",8635
2021-02-03,"IN","India",11039
2021-02-04,"IN","India",12899
2021-02-05,"IN","India",12408
2021-02-06,"IN","India",11713
2021-02-07,"IN","India",12059
2021-02-08,"IN","India",11831
2021-02-09,"IN","India",9110
2021-02-10,"IN","India",11067
2021-02-11,"IN","India",12923
2021-02-12,"IN","India",9309
2021-02-13,"IN","India",12143
2021-02-14,"IN","India",12194
2021-02-15,"IN","India",11649
2021-02-16,"IN","India",9121
2021-02-17,"IN","India",11610
2021-02-18,"IN","India",12881
2021-02-19,"IN","India",13193
2021-02-20,"IN","India",13993
2021-02-21,"IN","India",14264
2021-02-22,"IN","India",14199
2021-02-23,"IN","India",10584
2021-02-24,"IN","India",13742
2021-02-25,"IN","India",16738
2021-02-26,"IN","India",16577
2021-02-27,"IN","India",16488
2021-02-28,"IN","India",16752
2021-03-01,"IN","India",15510
2021-03-02,"IN","India",12286
2021-03-03,"IN","India",14989
2021-03-04,"IN","India",17407
2021-03-05,"IN","India",16838
2021-03-06,"IN","India",18327
2021-03-07,"IN","India",18711
2021-03-08,"IN","India",18599
2021-03-09,"IN","India",15388
2021-03-10,"IN","India",17921
2021-03-11,"IN","India",22854
2021-03-12,"IN","India",23285
2021-03-13,"IN","India",24882
2021-03-14,"IN","India",25320
2021-03-15,"IN","India",26291
2021-03-16,"IN","India",24492
2021-03-17,"IN","India",28903
2021-03-18,"IN","India",35871
2021-03-19,"IN","India",39726
2021-03-20,"IN","India",40953
2021-03-21,"IN","India",43846
2021-03-22,"IN","India",46951
2021-03-23,"IN","India",40715
2021-03-24,"IN","India",47262
2021-03-25,"IN","India",53476
2021-03-26,"IN","India",59118
2021-03-27,"IN","India",62258
2021-03-28,"IN","India",62714
2021-03-29,"IN","India",68020
2021-03-30,"IN","India",56211
2021-03-31,"IN","India",53480
2021-04-01,"IN","India",72330
2021-04-02,"IN","India",81466
2021-04-03,"IN","India",89129
2021-04-04,"IN","India",93249
2021-04-05,"IN","India",103558
2021-04-06,"IN","India",96982
2021-04-07,"IN","India",115736
2021-04-08,"IN","India",126789
2021-04-09,"IN","India",131968
2021-04-10,"IN","India",145384
2021-04-11,"IN","India",152879
2021-04-12,"IN","India",168912
2021-04-13,"IN","India",161736
2021-04-14,"IN","India",184372
2021-04-15,"IN","India",200739
2021-04-16,"IN","India",217353
2021-04-17,"IN","India",234692
2021-04-18,"IN","India",261500
2021-04-19,"IN","India",273810
2021-04-20,"IN","India",259170
2021-04-21,"IN","India",295041
2021-04-22,"IN","India",314835
2021-04-23,"IN","India",332730
2021-04-24,"IN","India",346786
2021-04-25,"IN","India",349691
2021-04-26,"IN","India",352991
2021-04-27,"IN","India",323144
2021-04-28,"IN","India",360960
2021-04-29,"IN","India",379257
2021-04-30,"IN","India",386452
2021-05-01,"IN","India",401993
2021-05-02,"IN","India",392488
2021-05-03,"IN","India",368147
2021-05-04,"IN","India",357229
2021-05-05,"IN","India",382315
2021-05-06,"IN","India",412262
2021-05-07,"IN","India",414188
2021-05-08,"IN","India",401078
2021-05-09,"IN","India",403738
2021-05-10,"IN","India",366161
2021-05-11,"IN","India",329942
2021-05-12,"IN","India",348421
2021-05-13,"IN","India",362727
2021-05-14,"IN","India",343144
2021-05-15,"IN","India",326098
2021-05-16,"IN","India",311170
2021-05-17,"IN","India",281386
2021-05-18,"IN","India",263533
2021-05-19,"IN","India",267334
2021-05-20,"IN","India",276110
2021-05-21,"IN","India",259551
2021-05-22,"IN","India",257299
2021-05-23,"IN","India",240842
2021-05-24,"IN","India",222315
2021-05-25,"IN","India",196427
2021-05-26,"IN","India",208921
2021-05-27,"IN","India",211298
2021-05-28,"IN","India",186364
2021-05-29,"IN","India",173790
2021-05-30,"IN","India",165553
2021-05-31,"IN","India",152734
2021-06-01,"IN","India",127510
2021-06-02,"IN","India",132788
2021-06-03,"IN","India",134154
2021-06-04,"IN","India",132364
2021-06-05,"IN","India",120529
2021-06-06,"IN","India",114460
2021-06-07,"IN","India",100636
2021-06-08,"IN","India",86498
2021-06-09,"IN","India",92596
2021-06-10,"IN","India",94052
2021-06-11,"IN","India",91702
2021-06-12,"IN","India",84332
2021-06-13,"IN","India",80834
2021-06-14,"IN","India",70421
2021-06-15,"IN","India",60471
2021-06-16,"IN","India",62224
2021-06-17,"IN","India",67208
2021-06-18,"IN","India",62480
2021-06-19,"IN","India",60753
2021-06-20,"IN","India",58419
2021-06-21,"IN","India",53256
2021-06-22,"IN","India",42640
2021-06-23,"IN","India",50848
2021-06-24,"IN","India",54069
2021-06-25,"IN","India",51667
2021-06-26,"IN","India",48698
2021-06-27,"IN","India",50040
2021-06-28,"IN","India",46148
2021-06-29,"IN","India",37566
2021-06-30,"IN","India",45951
2021-07-01,"IN","India",48786
2021-07-02,"IN","India",46617
2021-07-03,"IN","India",44111
2021-07-04,"IN","India",43071
2021-07-05,"IN","India",39796
2021-07-06,"IN","India",34703
2021-07-07,"IN","India",43733
2021-07-08,"IN","India",45892
2021-07-09,"IN","India",43393
2021-07-10,"IN","India",42766
2021-07-11,"IN","India",41506
2021-07-12,"IN","India",37154
2021-07-13,"IN","India",32906
2021-07-14,"IN","India",38792
2021-07-15,"IN","India",41806
2021-07-16,"IN","India",38949
2021-07-17,"IN","India",38079
2021-07-18,"IN","India",41157
2021-07-19,"IN","India",38164
2021-07-20,"IN","India",30093
2021-07-21,"IN","India",42015
2021-07-22,"IN","India",41383
2021-07-23,"IN","India",35342
2021-07-24,"IN","India",39097
2021-07-25,"IN","India",39742
2021-07-26,"IN","India",39361
2021-07-27,"IN","India",29689
2021-07-28,"IN","India",43654
2021-07-29,"IN","India",43509
2021-07-30,"IN","India",44230
2021-07-31,"IN","India",41649
2021-08-01,"IN","India",41831
2021-08-02,"IN","India",40134
2021-08-03,"IN","India",30549
2021-08-04,"IN","India",42625
2021-08-05,"IN","India",42982
2021-08-06,"IN","India",44643
2021-08-07,"IN","India",38628
2021-08-08,"IN","India",39070
2021-08-09,"IN","India",35499
2021-08-10,"IN","India",28204
2021-08-11,"IN","India",38353
2021-08-12,"IN","India",41195
2021-08-13,"IN","India",40120
2021-08-14,"IN","India",38667
2021-08-15,"IN","India",36083
2021-08-16,"IN","India",32937
2021-08-17,"IN","India",25166
2021-08-18,"IN","India",35178
2021-08-19,"IN","India",36401
2021-08-20,"IN","India",36571
2021-08-21,"IN","India",34457
2021-08-22,"IN","India",30948
2021-08-23,"IN","India",25072
2021-08-24,"IN","India",25467
2021-08-25,"IN","India",37593
2021-08-26,"IN","India",46164
2021-08-27,"IN","India",44658
2021-08-28,"IN","India",46759
2021-08-29,"IN","India",45083
2021-08-30,"IN","India",42909
2021-08-31,"IN","India",30941
2021-09-01,"IN","India",41965
2021-09-02,"IN","India",47092
2021-09-03,"IN","India",45352
2021-09-04,"IN","India",42618
2021-09-05,"IN","India",42766
2021-09-06,"IN","India",38948
2021-09-07,"IN","India",31222
2021-09-08,"IN","India",37875
2021-09-09,"IN","India",43263
2021-09-10,"IN","India",34973
2021-09-11,"IN","India",33376
2021-09-12,"IN","India",28591
2021-09-13,"IN","India",27254
2021-09-14,"IN","India",25404
2021-09-15,"IN","India",27176
2021-09-16,"IN","India",30570
2021-09-17,"IN","India",34403
2021-09-18,"IN","India",35662
2021-09-19,"IN","India",30773
2021-09-20,"IN","India",30256
2021-09-21,"IN","India",26115
2021-09-22,"IN","India",26964
2021-09-23,"IN","India",31923
2021-09-24,"IN","India",31382
2021-09-25,"IN","India",29616
2021-09-26,"IN","India",28326
2021-09-27,"IN","India",26041
2021-09-28,"IN","India",18795
2021-09-29,"IN","India",18870
2021-09-30,"IN","India",23529
2021-10-01,"IN","India",26727
2021-10-02,"IN","India",24354
2021-10-03,"IN","India",22842
2021-10-04,"IN","India",20799
2021-10-05,"IN","India",18346
2021-10-06,"IN","India",18833
2021-10-07,"IN","India",22431
2021-10-08,"IN","India",21257
2021-10-09,"IN","India",19740
2021-10-10,"IN","India",18166
2021-10-11,"IN","India",18132
2021-10-12,"IN","India",14313
2021-10-13,"IN","India",15823
2021-10-14,"IN","India",18987
2021-10-15,"IN","India",16862
2021-10-16,"IN","India",15981
2021-10-17,"IN","India",14146
2021-10-18,"IN","India",13596
2021-10-19,"IN","India",13058
2021-10-20,"IN","India",14623
2021-10-21,"IN","India",18454
2021-10-22,"IN","India",15786
2021-10-23,"IN","India",16326
2021-10-24,"IN","India",15906
2021-10-25,"IN","India",14306
2021-10-26,"IN","India",12428
2021-10-27,"IN","India",13451
2021-10-28,"IN","India",16156
2021-10-29,"IN","India",14348
2021-10-30,"IN","India",14313
2021-10-31,"IN","India",12830
2021-11-01,"IN","India",12514
2021-11-02,"IN","India",10423
2021-11-03,"IN","India",11903
2021-11-04,"IN","India",12885
2021-11-05,"IN","India",12729
2021-11-06,"IN","India",10929
2021-11-07,"IN","India",10853
2021-11-08,"IN","India",11451
2021-11-09,"IN","India",10126
2021-11-10,"IN","India",11466
2021-11-11,"IN","India",13091
2021-11-12,"IN","India",12516
2021-11-13,"IN","India",11850
2021-11-14,"IN","India",11271
2021-11-15,"IN","India",10229
2021-11-16,"IN","India",8865
2021-11-17,"IN","India",10197
2021-11-18,"IN","India",11919
2021-11-19,"IN","India",11106
2021-11-20,"IN","India",10302
2021-11-21,"IN","India",10488
2021-11-22,"IN","India",8488
2021-11-23,"IN","India",7579
2021-11-24,"IN","India",9283
2021-11-25,"IN","India",9119
2021-11-26,"IN","India",10549
2021-11-27,"IN","India",8318
2021-11-28,"IN","India",8774
2021-11-29,"IN","India",8309
2021-11-30,"IN","India",6990
2021-12-01,"IN","India",8954
2021-12-02,"IN","India",9765
2021-12-03,"IN","India",9216
2021-12-04,"IN","India",8603
2021-12-05,"IN","India",8895
2021-12-06,"IN","India",8306
2021-12-07,"IN","India",6822
2021-12-08,"IN","India",8439
2021-12-09,"IN","India",9419
2021-12-10,"IN","India",8503
2021-12-11,"IN","India",7992
2021-12-12,"IN","India",7774
2021-12-13,"IN","India",7350
2021-12-14,"IN","India",5784
2021-12-15,"IN","India",6984
2021-12-16,"IN","India",7974
2021-12-17,"IN","India",7447
2021-12-18,"IN","India",7145
2021-12-19,"IN","India",7081
2021-12-20,"IN","India",6563
2021-12-21,"IN","India",5326
2021-12-22,"IN","India",6317
2021-12-23,"IN","India",7495
2021-12-24,"IN","India",6650
2021-12-25,"IN","India",7189
2021-12-26,"IN","India",6987
2021-12-27,"IN","India",6531
2021-12-28,"IN","India",6358
2021-12-29,"IN","India",9195
2021-12-30,"IN","India",13154
2021-12-31,"IN","India",16764
2022-01-01,"IN","India",22775
2022-01-02,"IN","India",27553
2022-01-03,"IN","India",33750
2022-01-04,"IN","India",37379
2022-01-05,"IN","India",58097
2022-01-06,"IN","India",90928
2022-01-07,"IN","India",117100
2022-01-08,"IN","India",141986
2022-01-09,"IN","India",159632
2022-01-10,"IN","India",179723
2022-01-11,"IN","India",168063
2022-01-12,"IN","India",194720
2022-01-13,"IN","India",247417
2022-01-14,"IN","India",264202
2022-01-15,"IN","India",268833
2022-01-16,"IN","India",271202
2022-01-17,"IN","India",258089
2022-01-18,"IN","India",238018
2022-01-19,"IN","India",282970
2022-01-20,"IN","India",317532
2022-01-21,"IN","India",347254
2022-01-22,"IN","India",337704
2022-01-23,"IN","India",333533
2022-01-24,"IN","India",306064
2022-01-25,"IN","India",255874
2022-01-26,"IN","India",285914
2022-01-27,"IN","India",286384
2022-01-28,"IN","India",251209
2022-01-29,"IN","India",235532
2022-01-30,"IN","India",234281
2022-01-31,"IN","India",209918
2022-02-01,"IN","India",167059
2022-02-02,"IN","India",161386
2022-02-03,"IN","India",172433
2022-02-04,"IN","India",149394
2022-02-05,"IN","India",127952
2022-02-06,"IN","India",107474
2022-02-07,"IN","India",83876
2022-02-08,"IN","India",67597
2022-02-09,"IN","India",71365
2022-02-10,"IN","India",67084
2022-02-11,"IN","India",58077
2022-02-12,"IN","India",50407
2022-02-13,"IN","India",44877
2022-02-14,"IN","India",34113
2022-02-15,"IN","India",27409
2022-02-16,"IN","India",30615
2022-02-17,"IN","India",30757
2022-02-18,"IN","India",25920
2022-02-19,"IN","India",22270
2022-02-20,"IN","India",19968
2022-02-21,"IN","India",16051
2022-02-22,"IN","India",13405
2022-02-23,"IN","India",15102
2022-02-24,"IN","India",14148
2022-02-25,"IN","India",13166
2022-02-26,"IN","India",11499
2022-02-27,"IN","India",10273
2022-02-28,"IN","India",8013
2022-03-01,"IN","India",6915
2022-03-02,"IN","India",7554
2022-03-03,"IN","India",6561
2022-03-04,"IN","India",6396
2022-03-05,"IN","India",5921
2022-03-06,"IN","India",5476
2022-03-07,"IN","India",4362
2022-03-08,"IN","India",3993
2022-03-09,"IN","India",4575
2022-03-10,"IN","India",4184
2022-03-11,"IN","India",4194
2022-03-12,"IN","India",3614
2022-03-13,"IN","India",3116
2022-03-14,"IN","India",2503
2022-03-15,"IN","India",2568
2022-03-16,"IN","India",2876
2022-03-17,"IN","India",2539
2022-03-18,"IN","India",2528
2022-03-19,"IN","India",2075
2022-03-20,"IN","India",1761
2022-03-21,"IN","India",1549
2022-03-22,"IN","India",1581
2022-03-23,"IN","India",1778
2022-03-24,"IN","India",1938
2022-03-25,"IN","India",1685
2022-03-26,"IN","India",1660
2022-03-27,"IN","India",1421
2022-03-28,"IN","India",1270
2022-03-29,"IN","India",1259
2022-03-30,"IN","India",1233
2022-03-31,"IN","India",1225
2022-04-01,"IN","India",1335
2022-04-02,"IN","India",1260
2022-04-03,"IN","India",1096
2022-04-04,"IN","India",913
2022-04-05,"IN","India",795
2022-04-06,"IN","India",1086
2022-04-07,"IN","India",1033
2022-04-08,"IN","India",1109
2022-04-09,"IN","India",1150
2022-04-10,"IN","India",1054
2022-04-11,"IN","India",861
2022-04-12,"IN","India",796
2022-04-13,"IN","India",1088
2022-04-14,"IN","India",1007
2022-04-15,"IN","India",949
2022-04-16,"IN","India",975
2022-04-17,"IN","India",1150
2022-04-18,"IN","India",2183
2022-04-19,"IN","India",1247
2022-04-20,"IN","India",2067
2022-04-21,"IN","India",2380
2022-04-22,"IN","India",2451
2022-04-23,"IN","India",2527
2022-04-24,"IN","India",2593
2022-04-25,"IN","India",2541
2022-04-26,"IN","India",2483
2022-04-27,"IN","India",2927
2022-04-28,"IN","India",3303
2022-04-29,"IN","India",3377
2022-04-30,"IN","India",3688
2022-05-01,"IN","India",3324
2022-05-02,"IN","India",3157
2022-05-03,"IN","India",2568
2022-05-04,"IN","India",3205
2022-05-05,"IN","India",3275
2022-05-06,"IN","India",3545
2022-05-07,"IN","India",3805
2022-05-08,"IN","India",3451
2022-05-09,"IN","India",3207
2022-05-10,"IN","India",2288
2022-05-11,"IN","India",2897
2022-05-12,"IN","India",2827
2022-05-13,"IN","India",2841
2022-05-14,"IN","India",2858
2022-05-15,"IN","India",2487
2022-05-16,"IN","India",2202
2022-05-17,"IN","India",1569
2022-05-18,"IN","India",1829
2022-05-19,"IN","India",2364
2022-05-20,"IN","India",2259
2022-05-21,"IN","India",2323
2022-05-22,"IN","India",2226
2022-05-23,"IN","India",2022
2022-05-24,"IN","India",1675
2022-05-25,"IN","India",2124
2022-05-26,"IN","India",2628
2022-05-27,"IN","India",2710
2022-05-28,"IN","India",2685
2022-05-29,"IN","India",2828
2022-05-30,"IN","India",2706
2022-05-31,"IN","India",2338
2022-06-01,"IN","India",2745
2022-06-02,"IN","India",3712
2022-06-03,"IN","India",4041
2022-06-04,"IN","India",3962
2022-06-05,"IN","India",4270
2022-06-06,"IN","India",4518
2022-06-07,"IN","India",3714
2022-06-08,"IN","India",5233
2022-06-09,"IN","India",7240
2022-06-10,"IN","India",7584
2022-06-11,"IN","India",8329
2022-06-12,"IN","India",8582
2022-06-13,"IN","India",8084
2022-06-14,"IN","India",6594
2022-06-15,"IN","India",8822
2022-06-16,"IN","India",12213
2022-06-17,"IN","India",12847
2022-06-18,"IN","India",13216
2022-06-19,"IN","India",12899
2022-06-20,"IN","India",12781
2022-06-21,"IN","India",9923
2022-06-22,"IN","India",12249
2022-06-23,"IN","India",13313
2022-06-24,"IN","India",17336
2022-06-25,"IN","India",15940
2022-06-26,"IN","India",11739
2022-06-27,"IN","India",17073
2022-06-28,"IN","India",11793
2022-06-29,"IN","India",14506
2022-06-30,"IN","India",18819
2022-07-01,"IN","India",17070
2022-07-02,"IN","India",17092
2022-07-03,"IN","India",16103
2022-07-04,"IN","India",16135
2022-07-05,"IN","India",13086
2022-07-06,"IN","India",16159
2022-07-07,"IN","India",18930
2022-07-08,"IN","India",18815
2022-07-09,"IN","India",18840
2022-07-10,"IN","India",18257
2022-07-11,"IN","India",16678
2022-07-12,"IN","India",13615
2022-07-13,"IN","India",16906
2022-07-14,"IN","India",20139
2022-07-15,"IN","India",20038
2022-07-16,"IN","India",20044
2022-07-17,"IN","India",20528
2022-07-18,"IN","India",16935
2022-07-19,"IN","India",15528
2022-07-20,"IN","India",20557
2022-07-21,"IN","India",21566
2022-07-22,"IN","India",21880
2022-07-23,"IN","India",21411
2022-07-24,"IN","India",20279
2022-07-25,"IN","India",16866
2022-07-26,"IN","India",14830
2022-07-27,"IN","India",18313
2022-07-28,"IN","India",20557
2022-07-29,"IN","India",20409
2022-07-30,"IN","India",20408
2022-07-31,"IN","India",19673
2022-08-01,"IN","India",16464
2022-08-02,"IN","India",13734
2022-08-03,"IN","India",17135
2022-08-04,"IN","India",19893
2022-08-05,"IN","India",20551
2022-08-06,"IN","India",19406
2022-08-07,"IN","India",18738
2022-08-08,"IN","India",16167
2022-08-09,"IN","India",12751
2022-08-10,"IN","India",16047
2022-08-11,"IN","India",16299
2022-08-12,"IN","India",16561
2022-08-13,"IN","India",15815
2022-08-14,"IN","India",14092
2022-08-15,"IN","India",14917
2022-08-16,"IN","India",8813
2022-08-17,"IN","India",9062
2022-08-18,"IN","India",12608
2022-08-19,"IN","India",15754
2022-08-20,"IN","India",13272
2022-08-21,"IN","India",11539
2022-08-22,"IN","India",9531
2022-08-23,"IN","India",8586
2022-08-24,"IN","India",10649
2022-08-25,"IN","India",10725
2022-08-26,"IN","India",10256
2022-08-27,"IN","India",9520
2022-08-28,"IN","India",9436
2022-08-29,"IN","India",7591
2022-08-30,"IN","India",5439
2022-08-31,"IN","India",7231
2022-09-01,"IN","India",7946
2022-09-02,"IN","India",6168
2022-09-03,"IN","India",7211
2022-09-04,"IN","India",6817
2022-09-05,"IN","India",5910
2022-09-06,"IN","India",4417
2022-09-07,"IN","India",5379
2022-09-08,"IN","India",6395
2022-09-09,"IN","India",6093
2022-09-10,"IN","India",5554
2022-09-11,"IN","India",5076
2022-09-12,"IN","India",5221
2022-09-13,"IN","India",4369
2022-09-14,"IN","India",5108
2022-09-15,"IN","India",6422
2022-09-16,"IN","India",6298
2022-09-17,"IN","India",5747
2022-09-18,"IN","India",5664
2022-09-19,"IN","India",4858
2022-09-20,"IN","India",4043
2022-09-21,"IN","India",4510
2022-09-22,"IN","India",5443
2022-09-23,"IN","India",5383
2022-09-24,"IN","India",4912
2022-09-25,"IN","India",4777
2022-09-26,"IN","India",4129
2022-09-27,"IN","India",3230
2022-09-28,"IN","India",3615
2022-09-29,"IN","India",4272
2022-09-30,"IN","India",3947
2022-10-01,"IN","India",3805
2022-10-02,"IN","India",3375
2022-10-03,"IN","India",3011
2022-10-04,"IN","India",1968
2022-10-05,"IN","India",2468
2022-10-06,"IN","India",2529
2022-10-07,"IN","India",1997
2022-10-08,"IN","India",2797
2022-10-09,"IN","India",2756
2022-10-10,"IN","India",2424
2022-10-11,"IN","India",1957
2022-10-12,"IN","India",2139
2022-10-13,"IN","India",2786
2022-10-14,"IN","India",2678
2022-10-15,"IN","India",2430
2022-10-16,"IN","India",2401
2022-10-17,"IN","India",2060
2022-10-18,"IN","India",1542
2022-10-19,"IN","India",1946
2022-10-20,"IN","India",2141
2022-10-21,"IN","India",2119
2022-10-22,"IN","India",2112
2022-10-23,"IN","India",1994
2022-10-24,"IN","India",1334
2022-10-25,"IN","India",862
2022-10-26,"IN","India",830
2022-10-27,"IN","India",1112
2022-10-28,"IN","India",2208
2022-10-29,"IN","India",1574
2022-10-30,"IN","India",1604
2022-10-31,"IN","India",1326
2022-11-01,"IN","India",1046
2022-11-02,"IN","India",1190
2022-11-03,"IN","India",1321
2022-11-04,"IN","India",1216
2022-11-05,"IN","India",1082
2022-11-06,"IN","India",1132
2022-11-07,"IN","India",937
2022-11-08,"IN","India",625
2022-11-09,"IN","India",811
2022-11-10,"IN","India",1016
2022-11-11,"IN","India",842
2022-11-12,"IN","India",833
2022-11-13,"IN","India",734
2022-11-14,"IN","India",547
2022-11-15,"IN","India",-749
2022-11-16,"IN","India",501
2022-11-17,"IN","India",635
2022-11-18,"IN","India",656
2022-11-19,"IN","India",556
2022-11-20,"IN","India",492
2022-11-21,"IN","India",406
2022-11-22,"IN","India",294
2022-11-23,"IN","India",360
2022-11-24,"IN","India",408
2022-11-25,"IN","India",347
2022-11-26,"IN","India",389
2022-11-27,"IN","India",343
2022-11-28,"IN","India",291
2022-11-29,"IN","India",215
2022-11-30,"IN","India",279
2022-12-01,"IN","India",291
2022-12-02,"IN","India",275
2022-12-03,"IN","India",253
2022-12-04,"IN","India",226
2022-12-05,"IN","India",226
2022-12-06,"IN","India",165
2022-12-07,"IN","India",166
2022-12-08,"IN","India",241
2022-12-09,"IN","India",249
2022-12-10,"IN","India",210
2022-12-11,"IN","India",173
2022-12-12,"IN","India",159
2022-12-13,"IN","India",114
2022-12-14,"IN","India",152
2022-12-15,"IN","India",200
2022-12-16,"IN","India",162
2022-12-17,"IN","India",167
2022-12-18,"IN","India",176
2022-12-19,"IN","India",135
2022-12-20,"IN","India",112
2022-12-21,"IN","India",131
2022-12-22,"IN","India",185
2022-12-23,"IN","India",163
2022-12-24,"IN","India",201
2022-12-25,"IN","India",227
2022-12-26,"IN","India",196
2022-12-27,"IN","India",157
2022-12-28,"IN","India",188
2022-12-29,"IN","India",268
2022-12-30,"IN","India",243
2022-12-31,"IN","India",226
2023-01-01,"IN","India",265
2023-01-02,"IN","India",173
2023-01-03,"IN","India",134
2023-01-04,"IN","India",175
2023-01-05,"IN","India",188
2023-01-06,"IN","India",228
2023-01-07,"IN","India",214
2023-01-08,"IN","India",163
2023-01-09,"IN","India",170
2023-01-10,"IN","India",121
2023-01-11,"IN","India",171
2023-01-12,"IN","India",197
2023-01-13,"IN","India",174
2023-01-14,"IN","India",179
2023-01-15,"IN","India",104
2023-01-16,"IN","India",114
2023-01-17,"IN","India",79
2023-01-18,"IN","India",138
2023-01-19,"IN","India",134
2023-01-20,"IN","India",145
2023-01-21,"IN","India",131
2023-01-22,"IN","India",140
2023-01-23,"IN","India",94
2023-01-24,"IN","India",89
2023-01-25,"IN","India",102
2023-01-26,"IN","India",132
2023-01-27,"IN","India",99
2023-01-28,"IN","India",93
2023-01-29,"IN","India",109
2023-01-30,"IN","India",80
2023-01-31,"IN","India",65
2023-02-01,"IN","India",111
2023-02-02,"IN","India",128
2023-02-03,"IN","India",99
2023-02-04,"IN","India",128
2023-02-05,"IN","India",113
2023-02-06,"IN","India",91
2023-02-07,"IN","India",89
2023-02-08,"IN","India",96
2023-02-09,"IN","India",109
2023-02-10,"IN","India",114
2023-02-11,"IN","India",132
2023-02-12,"IN","India",124
2023-02-13,"IN","India",79
2023-02-14,"IN","India",77
2023-02-15,"IN","India",102
2023-02-16,"IN","India",126
2023-02-17,"IN","India",156
2023-02-18,"IN","India",117
2023-02-19,"IN","India",142
2023-02-20,"IN","India",120
2023-02-21,"IN","India",95
2023-02-22,"IN","India",125
2023-02-23,"IN","India",193
2023-02-24,"IN","India",169
2023-02-25,"IN","India",180
2023-02-26,"IN","India",218
2023-02-27,"IN","India",185
2023-02-28,"IN","India",169
2023-03-01,"IN","India",240
2023-03-02,"IN","India",268
2023-03-03,"IN","India",283
2023-03-04,"IN","India",334
2023-03-05,"IN","India",324
2023-03-06,"IN","India",281
2023-03-07,"IN","India",266
2023-03-08,"IN","India",326
2023-03-09,"IN","India",379
2023-03-10,"IN","India",440
2023-03-11,"IN","India",456
2023-03-12,"IN","India",524
2023-03-13,"IN","India",444
2023-03-14,"IN","India",402
2023-03-15,"IN","India",618
2023-03-16,"IN","India",754
2023-03-17,"IN","India",796
2023-03-18,"IN","India",843
2023-03-19,"IN","India",1071
2023-03-20,"IN","India",918
2023-03-21,"IN","India",646
2023-03-22,"IN","India",1134
2023-03-23,"IN","India",1300
2023-03-24,"IN","India",1249
2023-03-25,"IN","India",1590
2023-03-26,"IN","India",1890
2023-03-27,"IN","India",1805
2023-03-28,"IN","India",1573
2023-03-29,"IN","India",2151
2023-03-30,"IN","India",3016
2023-03-31,"IN","India",3094
2023-04-01,"IN","India",2995
2023-04-02,"IN","India",3824
2023-04-03,"IN","India",3641
2023-04-04,"IN","India",3038
2023-04-05,"IN","India",4435
2023-04-06,"IN","India",5335
2023-04-07,"IN","India",6050
2023-04-08,"IN","India",6155
2023-04-09,"IN","India",5357
2023-04-10,"IN","India",5880
2023-04-11,"IN","India",5676
2023-04-12,"IN","India",7830
2023-04-13,"IN","India",10158
2023-04-14,"IN","India",11109
2023-04-15,"IN","India",10753
2023-04-16,"IN","India",10093
2023-04-17,"IN","India",9111
2023-04-18,"IN","India",7633
2023-04-19,"IN","India",10542
2023-04-20,"IN","India",12591
2023-04-21,"IN","India",11692
2023-04-22,"IN","India",12193
2023-04-23,"IN","India",10112
2023-04-24,"IN","India",6904
2023-04-25,"IN","India",6934
2023-04-26,"IN","India",9629
2023-04-27,"IN","India",9355
2023-04-28,"IN","India",7533
2023-04-29,"IN","India",7171
2023-04-30,"IN","India",5874
2023-05-01,"IN","India",4282
2023-05-02,"IN","India",3325
2023-05-03,"IN","India",3720
2023-05-04,"IN","India",3962
2023-05-05,"IN","India",3611
2023-05-06,"IN","India",2961
2023-05-07,"IN","India",2380
2023-05-08,"IN","India",1839
2023-05-09,"IN","India",1331
2023-05-10,"IN","India",2109
2023-05-11,"IN","India",1690
2023-05-12,"IN","India",1580
2023-05-13,"IN","India",1223
2023-05-14,"IN","India",1272
2023-05-15,"IN","India",801
2023-05-16,"IN","India",656
2023-05-17,"IN","India",1021
2023-05-18,"IN","India",906
2023-05-19,"IN","India",865
2023-05-20,"IN","India",782
2023-05-21,"IN","India",756
2023-05-22,"IN","India",473
2023-05-23,"IN","India",405
2023-05-24,"IN","India",552
2023-05-25,"IN","India",535
2023-05-26,"IN","India",490
2023-05-27,"IN","India",425
2023-05-28,"IN","India",403
2023-05-29,"IN","India",310
2023-05-30,"IN","India",224
2023-05-31,"IN","India",310
2023-06-01,"IN","India",288
2023-06-02,"IN","India",267
2023-06-03,"IN","India",237
2023-06-04,"IN","India",202
2023-06-05,"IN","India",174
2023-06-06,"IN","India",124
2023-06-07,"IN","India",214
2023-06-08,"IN","India",199
2023-06-09,"IN","India",169
2023-06-10,"IN","India",186
2023-06-11,"IN","India",140
2023-06-12,"IN","India",92
2023-06-13,"IN","India",80
2023-06-14,"IN","India",120
2023-06-15,"IN","India",106
2023-06-16,"IN","India",96
2023-06-17,"IN","India",108
2023-06-18,"IN","India",90
2023-06-19,"IN","India",63
2023-06-20,"IN","India",36
2023-06-21,"IN","India",92
2023-06-22,"IN","India",95
2023-06-23,"IN","India",51
2023-06-24,"IN","India",55
2023-06-25,"IN","India",80
2023-06-26,"IN","India",47
2023-06-27,"IN","India",33
2023-06-28,"IN","India",65
2023-06-29,"IN","India",47
2023-06-30,"IN","India",44
2023-07-01,"IN","India",40
2023-07-02,"IN","India",53
2023-07-03,"IN","India",44
2023-07-04,"IN","India",26
2023-07-05,"IN","India",56
2023-07-06,"IN","India",42
2023-07-07,"IN","India",45
2023-07-08,"IN","India",49
2023-07-09,"IN","India",32
2023-07-10,"IN","India",24
2023-07-11,"IN","India",20
2023-07-12,"IN","India",46
2023-07-13,"IN","India",48
2023-07-14,"IN","India",52
2023-07-15,"IN","India",54
2023-07-16,"IN","India",59
2023-07-17,"IN","India",43
2023-07-18,"IN","India",34
2023-07-19,"IN","India",49
2023-07-20,"IN","India",51
2023-07-21,"IN","India",109
2023-07-22,"IN","India",60
2023-07-23,"IN","India",40
2023-07-24,"IN","India",47
2023-07-25,"IN","India",21
2023-07-26,"IN","India",60
2023-07-27,"IN","India",42
2023-07-28,"IN","India",52
2023-07-29,"IN","India",50
2023-07-30,"IN","India",52
2023-07-31,"IN","India",41
2023-08-01,"IN","India",36
2023-08-02,"IN","India",60
2023-08-03,"IN","India",77
2023-08-04,"IN","India",54
2023-08-05,"IN","India",77
2023-08-06,"IN","India",47
2023-08-07,"IN","India",54
2023-08-08,"IN","India",25
2023-08-09,"IN","India",53
2023-08-10,"IN","India",39
2023-08-11,"IN","India",47
2023-08-12,"IN","India",38
2023-08-13,"IN","India",38
2023-08-14,"IN","India",39
2023-08-15,"IN","India",22
2023-08-16,"IN","India",58
2023-08-17,"IN","India",33
2023-08-18,"IN","India",50
2023-08-19,"IN","India",72
2023-08-20,"IN","India",51
2023-08-21,"IN","India",54
2023-08-22,"IN","India",23
2023-08-23,"IN","India",56
2023-08-24,"IN","India",54
2023-08-25,"IN","India",73
2023-08-26,"IN","India",60
2023-08-27,"IN","India",44
2023-08-28,"IN","India",70
2023-08-29,"IN","India",23
2023-08-30,"IN","India",61
2023-08-31,"IN","India",50
2023-09-01,"IN","India",49
2023-09-02,"IN","India",50
2023-09-03,"IN","India",60
2023-09-04,"IN","India",46
2023-09-05,"IN","India",28
2023-09-06,"IN","India",66
2023-09-07,"IN","India",71
2023-09-08,"IN","India",46
2023-09-09,"IN","India",59
2023-09-10,"IN","India",68
2023-09-11,"IN","India",70
2023-09-12,"IN","India",40
2023-09-13,"IN","India",97
2023-09-14,"IN","India",58
2023-09-15,"IN","India",60
2023-09-16,"IN","India",72
2023-09-17,"IN","India",55
2023-09-18,"IN","India",55
2023-09-19,"IN","India",26
2023-09-20,"IN","India",51
2023-09-21,"IN","India",44
2023-09-22,"IN","India",55
2023-09-23,"IN","India",70
2023-09-24,"IN","India",62
2023-09-25,"IN","India",40
2023-09-26,"IN","India",38
2023-09-27,"IN","India",47
2023-09-28,"IN","India",51
2023-09-29,"IN","India",40
2023-09-30,"IN","India",41
2023-10-01,"IN","India",56
2023-10-02,"IN","India",36
2023-10-03,"IN","India",42
2023-10-04,"IN","India",38
2023-10-05,"IN","India",250
2023-10-06,"IN","India",39
2023-10-07,"IN","India",42
2023-10-08,"IN","India",43
2023-10-09,"IN","India",38
2023-10-10,"IN","India",26
2023-10-11,"IN","India",46
2023-10-12,"IN","India",35
2023-10-13,"IN","India",37
2023-10-14,"IN","India",51
2023-10-15,"IN","India",27
2023-10-16,"IN","India",33
2023-10-17,"IN","India",21
2023-10-18,"IN","India",38
2023-10-19,"IN","India",48
2023-10-20,"IN","India",37
2023-10-21,"IN","India",1275
2023-10-22,"IN","India",12
2023-10-23,"IN","India",9
2023-10-24,"IN","India",14
2023-10-25,"IN","India",51
2023-10-26,"IN","India",24
2023-10-27,"IN","India",26
2023-10-28,"IN","India",35
2023-10-29,"IN","India",34
2023-10-30,"IN","India",23
2023-10-31,"IN","India",22
2023-11-01,"IN","India",38
2023-11-02,"IN","India",15
2023-11-03,"IN","India",19
2023-11-04,"IN","India",14
2023-11-05,"IN","India",8
2023-11-06,"IN","India",8
2023-11-07,"IN","India",5
2023-11-08,"IN","India",11
2023-11-09,"IN","India",11
2023-11-10,"IN","India",14
2023-11-11,"IN","India",6
2023-11-12,"IN","India",17
2023-11-13,"IN","India",8
2023-11-14,"IN","India",18
2023-11-15,"IN","India",10
2023-11-16,"IN","India",18
2023-11-17,"IN","India",26
2023-11-18,"IN","India",18
2023-11-19,"IN","India",21
2023-11-20,"IN","India",18
2023-11-21,"IN","India",13
2023-11-22,"IN","India",23
2023-11-23,"IN","India",26
2023-11-24,"IN","India",36
2023-11-25,"IN","India",42
2023-11-26,"IN","India",31
2023-11-27,"IN","India",21
2023-11-28,"IN","India",22
2023-11-29,"IN","India",79
2023-11-30,"IN","India",58
2023-12-01,"IN","India",71
2023-12-02,"IN","India",88
2023-12-03,"IN","India",76
2023-12-04,"IN","India",0
2023-12-05,"IN","India",0
2023-12-06,"IN","India",0
